No.,Map Ref. Point (Long.),Map Ref. Point (Lat.),Period,Hel,ER I,ER II,MR,LR,Byz,Islm
1,2029,2773,Hel,1,0,0,0,0,0,0
2,2000,2707,,0,0,0,0,0,0,0
3,2000,2707,,0,0,0,0,0,0,0
4,1872,2703,,0,0,0,0,0,0,0
5,1919,2701,ER I ER II,0,1,1,0,0,0,0
6,1914,2652,MR-LR,0,0,0,1,1,0,0
7,1914,2647,MR-LR,0,0,0,1,1,0,0
8,1914,2647,LR,0,0,0,0,1,0,0
9,1904,2597,,0,0,0,0,0,0,0
10,1970,2590,,0,0,0,0,0,0,0
11,2032,2574,MR?-LR,0,0,0,1,1,0,0
12,1834,2568,,0,0,0,0,0,0,0
13,2198,2565,ER I,0,1,0,0,0,0,0
14,2198,2565,ER I,0,1,0,0,0,0,0
15,2198,2565,Hel?-ER I,1,1,0,0,0,0,0
16,2198,2565,Hel?-ER I,1,1,0,0,0,0,0
17,1958,2564,,0,0,0,0,0,0,0
18,2005,2545,Byz?,0,0,0,0,0,1,0
19,1763,2486,ER I,0,1,0,0,0,0,0
20,1763,2486,ER I,0,1,0,0,0,0,0
21,1968,2477,,0,0,0,0,0,0,0
22,1968,2477,,0,0,0,0,0,0,0
23,1968,2477,,0,0,0,0,0,0,0
24,1683,2475,Byz,0,0,0,0,0,1,0
25,1683,2475,ER I ER II,0,1,1,0,0,0,0
26,1786,2475,ER-MR?ER I ER II,0,1,1,1,0,0,0
27,1786,2475,ER I ER II,0,1,1,0,0,0,0
28,1786,2475,,0,0,0,0,0,0,0
29,1958,2472,Hel?-ER?,1,0,0,0,0,0,0
30,1913,2468,,0,0,0,0,0,0,0
31,1956,2467,Byz,0,0,0,0,0,1,0
32,1956,2467,Byz,0,0,0,0,0,1,0
33,1472,2444,,0,0,0,0,0,0,0
34,1472,2444,,0,0,0,0,0,0,0
35,1951,2425,,0,0,0,0,0,0,0
36,1951,2425,,0,0,0,0,0,0,0
37,2012,2425,Byz-Islm,0,0,0,0,0,1,1
38,1659,2414,ER I ER II -MR?,0,1,1,1,0,0,0
39,1764,2398,Hel?-LR ER I ER II MR,1,1,1,1,1,0,0
40,1764,2398,Hel?-LR ER I ER II MR,1,1,1,1,1,0,0
41,1764,2398,Hel?-LR ER I ER II MR,1,1,1,1,1,0,0
42,1764,2398,Hel?-LR ER I ER II MR,1,1,1,1,1,0,0
43,1764,2398,Hel?-LR ER I ER II MR,1,1,1,1,1,0,0
44,1764,2398,,0,0,0,0,0,0,0
45,1764,2398,,0,0,0,0,0,0,0
46,1764,2398,,0,0,0,0,0,0,0
47,1764,2398,,0,0,0,0,0,0,0
48,1764,2398,,0,0,0,0,0,0,0
49,1764,2398,,0,0,0,0,0,0,0
50,1764,2398,,0,0,0,0,0,0,0
51,1764,2398,Hel,1,0,0,0,0,0,0
52,1764,2398,Hel,1,0,0,0,0,0,0
53,1764,2398,Hel-ER I,1,1,0,0,0,0,0
54,1764,2398,ER I,0,1,0,0,0,0,0
55,1764,2398,LR-?,0,0,0,0,1,0,0
56,1764,2398,ER-LR MR,0,0,0,1,1,0,0
57,1764,2398,LR-?,0,0,0,0,1,0,0
58,1764,2398,ER-?,0,0,0,0,0,0,0
59,1764,2398,ER-LR MR,0,0,0,1,1,0,0
60,1764,2398,ER-LR MR,0,0,0,1,1,0,0
61,1764,2398,ER-LR MR,0,0,0,1,1,0,0
62,1764,2398,ER-LR MR,0,0,0,1,1,0,0
63,1764,2398,ER-LR MR,0,0,0,1,1,0,0
64,1764,2398,ER I ER II,0,1,1,0,0,0,0
65,1764,2398,ER I ER II -LR MR,0,1,1,1,1,0,0
66,1764,2398,ER I ER II -LR MR,0,1,1,1,1,0,0
67,1764,2398,ER I ER II -LR MR,0,1,1,1,1,0,0
68,1764,2398,,0,0,0,0,0,0,0
69,1764,2398,,0,0,0,0,0,0,0
70,1764,2398,,0,0,0,0,0,0,0
71,1764,2398,,0,0,0,0,0,0,0
72,1764,2398,,0,0,0,0,0,0,0
73,1764,2398,,0,0,0,0,0,0,0
74,1764,2398,,0,0,0,0,0,0,0
75,1764,2398,,0,0,0,0,0,0,0
76,1764,2398,,0,0,0,0,0,0,0
77,1764,2398,,0,0,0,0,0,0,0
78,1764,2398,,0,0,0,0,0,0,0
79,1764,2398,,0,0,0,0,0,0,0
80,1813,2392,ER ER I ER II-MR,0,1,1,1,0,0,0
81,1813,2392,ER I ER II,0,1,1,0,0,0,0
82,1813,2392,Er I ER II MR,0,1,1,1,0,0,0
83,1713,2370,,0,0,0,0,0,0,0
84,1640,2364,,0,0,0,0,0,0,0
85,1564,2360,,0,0,0,0,0,0,0
86,1805,2359,,0,0,0,0,0,0,0
87,1985,2355,LR-Byz,0,0,0,0,1,1,0
88,1627,2347,MR-LR,0,0,0,1,1,0,0
89,1627,2347,MR-LR,0,0,0,1,1,0,0
90,1627,2347,MR-LR,0,0,0,1,1,0,0
91,1627,2347,MR-LR,0,0,0,1,1,0,0
92,1627,2347,MR-LR,0,0,0,1,1,0,0
93,1627,2347,MR-LR,0,0,0,1,1,0,0
94,1627,2347,MR-LR,0,0,0,1,1,0,0
95,1781,2343,MR-LR,0,0,0,1,1,0,0
96,1762,2328,,0,0,0,0,0,0,0
97,1540,2307,MR-LR,0,0,0,1,1,0,0
98,1540,2307,,0,0,0,0,0,0,0
99,1539,2245,ER I,0,1,0,0,0,0,0
100,1539,2245,ER I,0,1,0,0,0,0,0
101,1539,2245,ER I,0,1,0,0,0,0,0
102,1539,2245,ER I,0,1,0,0,0,0,0
103,1547,2244,ER I,0,1,0,0,0,0,0
104,1679,2196,,0,0,0,0,0,0,0
105,1679,2196,,0,0,0,0,0,0,0
106,1679,2196,,0,0,0,0,0,0,0
107,1679,2196,,0,0,0,0,0,0,0
108,1679,2196,,0,0,0,0,0,0,0
109,1679,2196,,0,0,0,0,0,0,0
110,1705,2183,,0,0,0,0,0,0,0
111,1400,2120,,0,0,0,0,0,0,0
112,1400,2120,ER I,0,1,0,0,0,0,0
113,1610,1873,Byz,0,0,0,0,0,1,0
114,1680,1870,,0,0,0,0,0,0,0
115,1680,1870,,0,0,0,0,0,0,0
116,1680,1870,,0,0,0,0,0,0,0
117,1680,1870,,0,0,0,0,0,0,0
118,1680,1870,,0,0,0,0,0,0,0
119,1680,1870,,0,0,0,0,0,0,0
120,1680,1870,,0,0,0,0,0,0,0
121,1680,1870,,0,0,0,0,0,0,0
122,1680,1870,,0,0,0,0,0,0,0
123,2045,1861,Hel?-ER I ER II,1,1,1,0,0,0,0
124,1670,1854,,0,0,0,0,0,0,0
125,1670,1854,,0,0,0,0,0,0,0
126,1670,1846,,0,0,0,0,0,0,0
127,1670,1846,,0,0,0,0,0,0,0
128,1670,1846,,0,0,0,0,0,0,0
129,1670,1846,,0,0,0,0,0,0,0
130,1670,1846,,0,0,0,0,0,0,0
131,1509,1831,Byz,0,0,0,0,0,1,0
132,1509,1831,Byz,0,0,0,0,0,1,0
133,1509,1831,Byz,0,0,0,0,0,1,0
134,1509,1831,Byz,0,0,0,0,0,1,0
135,1487,1809,,0,0,0,0,0,0,0
136,1487,1809,,0,0,0,0,0,0,0
137,1487,1809,,0,0,0,0,0,0,0
138,1613,1805,,0,0,0,0,0,0,0
139,1650,1801,,0,0,0,0,0,0,0
140,1650,1801,Rom-Byz,0,0,0,0,0,1,0
141,1650,1801,Byz-Islm,0,0,0,0,0,1,1
142,1650,1801,LR-Byz,0,0,0,0,1,1,0
143,1650,1801,Byz-Islm,0,0,0,0,0,1,1
144,1650,1801,Byz-Islm,0,0,0,0,0,1,1
145,1561,1793,,0,0,0,0,0,0,0
146,1793,1753,,0,0,0,0,0,0,0
147,1793,1753,,0,0,0,0,0,0,0
148,1586,1731,,0,0,0,0,0,0,0
149,1321,1707,LR,0,0,0,0,1,0,0
150,1793,1652,ER I ER II,0,1,1,0,0,0,0
151,1466,1634,ER I ER II,0,1,1,0,0,0,0
152,1730,1633,ER I ER II,0,1,1,0,0,0,0
153,1730,1633,ER I ER II,0,1,1,0,0,0,0
154,1461,1626,ER I ER II,0,1,1,0,0,0,0
155,1775,1625,ER I ER II,0,1,1,0,0,0,0
156,1730,1618,ER I ER II,0,1,1,0,0,0,0
157,1599,1600,ER I ER II,0,1,1,0,0,0,0
158,1821,1594,ER I ER II,0,1,1,0,0,0,0
159,1821,1594,ER I ER II,0,1,1,0,0,0,0
160,1624,1587,ER I ER II,0,1,1,0,0,0,0
161,1469,1583,,0,0,0,0,0,0,0
162,1465,1576,ER I ER II,0,1,1,0,0,0,0
163,1465,1576,ER I ER II,0,1,1,0,0,0,0
164,1465,1576,ER I ER II,0,1,1,0,0,0,0
165,1465,1576,ER I ER II,0,1,1,0,0,0,0
166,1465,1576,ER I ER II,0,1,1,0,0,0,0
167,1465,1576,ER I ER II,0,1,1,0,0,0,0
168,1465,1576,ER I ER II,0,1,1,0,0,0,0
169,1461,1573,ER I ER II,0,1,1,0,0,0,0
170,1461,1573,ER I ER II,0,1,1,0,0,0,0
171,1461,1573,ER I ER II,0,1,1,0,0,0,0
172,1461,1573,ER I ER II,0,1,1,0,0,0,0
173,1461,1573,ER I ER II,0,1,1,0,0,0,0
174,1461,1573,ER I ER II,0,1,1,0,0,0,0
175,1461,1573,ER I ER II,0,1,1,0,0,0,0
176,1461,1573,ER I ER II,0,1,1,0,0,0,0
177,1598,1570,ER I ER II,0,1,1,0,0,0,0
178,1455,1569,ER I ER II,0,1,1,0,0,0,0
179,1652,1562,ER I ER II,0,1,1,0,0,0,0
180,1455,1556,ER I ER II,0,1,1,0,0,0,0
181,1455,1556,ER I ER II,0,1,1,0,0,0,0
182,1455,1556,ER I ER II,0,1,1,0,0,0,0
183,1455,1556,ER I ER II,0,1,1,0,0,0,0
184,1454,1556,ER I ER II,0,1,1,0,0,0,0
185,1454,1556,ER I ER II,0,1,1,0,0,0,0
186,1446,1555,ER I ER II,0,1,1,0,0,0,0
187,1461,1530,ER I ER II,0,1,1,0,0,0,0
188,1461,1530,ER I ER II,0,1,1,0,0,0,0
189,1461,1530,ER I ER II,0,1,1,0,0,0,0
190,1461,1530,ER I ER II,0,1,1,0,0,0,0
191,1946,1525,ER I,0,1,0,0,0,0,0
192,1946,1525,ER I,0,1,0,0,0,0,0
193,1441,1515,ER I ER II,0,1,1,0,0,0,0
194,1441,1515,ER I ER II,0,1,1,0,0,0,0
195,1441,1515,ER I ER II,0,1,1,0,0,0,0
196,1441,1515,ER I ER II,0,1,1,0,0,0,0
197,1441,1515,ER I ER II,0,1,1,0,0,0,0
198,1441,1515,ER I ER II,0,1,1,0,0,0,0
199,1441,1515,ER I ER II,0,1,1,0,0,0,0
200,1441,1515,ER I ER II,0,1,1,0,0,0,0
201,1441,1515,ER I ER II,0,1,1,0,0,0,0
202,1441,1515,ER I ER II,0,1,1,0,0,0,0
203,1441,1515,ER I ER II,0,1,1,0,0,0,0
204,1441,1515,ER I ER II,0,1,1,0,0,0,0
205,1441,1515,ER I ER II,0,1,1,0,0,0,0
206,1441,1515,ER I ER II,0,1,1,0,0,0,0
207,1441,1515,ER I ER II,0,1,1,0,0,0,0
208,1441,1515,ER I ER II,0,1,1,0,0,0,0
209,1441,1515,ER I ER II,0,1,1,0,0,0,0
210,1441,1515,ER I ER II,0,1,1,0,0,0,0
211,1476,1508,ER I ER II,0,1,1,0,0,0,0
212,1476,1508,ER I ER II,0,1,1,0,0,0,0
213,1553,1504,ER I ER II,0,1,1,0,0,0,0
214,1437,1492,ER I ER II,0,1,1,0,0,0,0
215,1495,1486,ER I ER II,0,1,1,0,0,0,0
216,1541,1482,ER I ER II,0,1,1,0,0,0,0
217,1541,1482,ER I ER II,0,1,1,0,0,0,0
218,1541,1482,ER I ER II,0,1,1,0,0,0,0
219,1541,1482,ER I ER II,0,1,1,0,0,0,0
220,1720,1480,ER I ER II,0,1,1,0,0,0,0
221,1471,1477,ER I ER II,0,1,1,0,0,0,0
222,1729,1475,ER I ER II,0,1,1,0,0,0,0
223,1535,1475,ER I ER II,0,1,1,0,0,0,0
224,1520,1471,ER I ER II,0,1,1,0,0,0,0
225,1738,1469,ER I ER II,0,1,1,0,0,0,0
226,1738,1469,ER I ER II,0,1,1,0,0,0,0
227,1431,1467,ER I,0,1,0,0,0,0,0
228,1431,1467,ER I,0,1,0,0,0,0,0
229,1431,1467,ER I,0,1,0,0,0,0,0
230,1431,1467,ER I,0,1,0,0,0,0,0
231,1431,1467,ER I,0,1,0,0,0,0,0
232,1431,1467,ER I,0,1,0,0,0,0,0
233,1431,1467,ER I,0,1,0,0,0,0,0
234,1431,1467,ER I,0,1,0,0,0,0,0
235,1431,1467,ER I,0,1,0,0,0,0,0
236,1431,1467,ER I,0,1,0,0,0,0,0
237,1431,1467,ER I,0,1,0,0,0,0,0
238,1538,1464,ER I ER II,0,1,1,0,0,0,0
239,1538,1464,ER I ER II,0,1,1,0,0,0,0
240,1538,1464,ER I ER II,0,1,1,0,0,0,0
241,1439,1462,ER I ER II,0,1,1,0,0,0,0
242,1439,1462,ER I ER II,0,1,1,0,0,0,0
243,1439,1462,ER I ER II,0,1,1,0,0,0,0
244,1652,1459,ER I ER II,0,1,1,0,0,0,0
245,1520,1455,ER I ER II,0,1,1,0,0,0,0
246,1545,1453,ER I ER II,0,1,1,0,0,0,0
247,1717,1449,ER I ER II,0,1,1,0,0,0,0
248,1717,1449,ER I ER II,0,1,1,0,0,0,0
249,1324,1448,,0,0,0,0,0,0,0
250,1324,1448,,0,0,0,0,0,0,0
251,1582,1446,ER I ER II,0,1,1,0,0,0,0
252,1655,1439,ER I ER II,0,1,1,0,0,0,0
253,1488,1433,ER I ER II,0,1,1,0,0,0,0
254,1706,1433,ER I ER II,0,1,1,0,0,0,0
255,1488,1428,ER I ER II,0,1,1,0,0,0,0
256,1488,1428,ER I ER II,0,1,1,0,0,0,0
257,1488,1428,ER I ER II,0,1,1,0,0,0,0
258,1645,1427,ER I ER II,0,1,1,0,0,0,0
259,1908,1424,Hel?-ER I?,1,1,0,0,0,0,0
260,1908,1424,Hel?-ER I?,1,1,0,0,0,0,0
261,1510,1420,ER I ER II,0,1,1,0,0,0,0
262,1510,1420,ER I ER II,0,1,1,0,0,0,0
263,2342,1420,ER I ER II,0,1,1,0,0,0,0
264,1698,1419,ER I,0,1,0,0,0,0,0
265,1698,1419,ER I,0,1,0,0,0,0,0
266,1659,1418,ER I ER II,0,1,1,0,0,0,0
267,1588,1416,ER I ER II,0,1,1,0,0,0,0
268,1425,1407,Hel?,1,0,0,0,0,0,0
269,1425,1407,Hel?,1,0,0,0,0,0,0
270,1425,1407,Hel?,1,0,0,0,0,0,0
271,1425,1407,Hel?,1,0,0,0,0,0,0
272,1425,1407,Hel?,1,0,0,0,0,0,0
273,1425,1407,Hel?,1,0,0,0,0,0,0
274,1425,1407,Hel?,1,0,0,0,0,0,0
275,1749,1405,ER I ER II,0,1,1,0,0,0,0
276,1749,1405,ER I ER II,0,1,1,0,0,0,0
277,1749,1405,ER I ER II,0,1,1,0,0,0,0
278,1749,1405,ER I ER II,0,1,1,0,0,0,0
279,1913,1405,Hel,1,0,0,0,0,0,0
280,1913,1405,Hel,1,0,0,0,0,0,0
281,1913,1405,Hel,1,0,0,0,0,0,0
282,1913,1405,ER I,0,1,0,0,0,0,0
283,1913,1405,ER I,0,1,0,0,0,0,0
284,1913,1405,ER I,0,1,0,0,0,0,0
285,1913,1405,Hel?-ER I?,1,1,0,0,0,0,0
286,1913,1405,Hel,1,0,0,0,0,0,0
287,1913,1405,Hel,1,0,0,0,0,0,0
288,1913,1405,Hel,1,0,0,0,0,0,0
289,1913,1405,Hel,1,0,0,0,0,0,0
290,1913,1405,Hel,1,0,0,0,0,0,0
291,1913,1405,Hel,1,0,0,0,0,0,0
292,1913,1405,ER I,0,1,0,0,0,0,0
293,1913,1405,Hel,1,0,0,0,0,0,0
294,1913,1405,ER I,0,1,0,0,0,0,0
295,1913,1405,ER I,0,1,0,0,0,0,0
296,1913,1405,ER I,0,1,0,0,0,0,0
297,1913,1405,ER I,0,1,0,0,0,0,0
298,1913,1405,ER I,0,1,0,0,0,0,0
299,1913,1405,ER I,0,1,0,0,0,0,0
300,1913,1405,ER I,0,1,0,0,0,0,0
301,1913,1405,ER I,0,1,0,0,0,0,0
302,1913,1405,Hel,1,0,0,0,0,0,0
303,1913,1405,ER I,0,1,0,0,0,0,0
304,1913,1405,ER I,0,1,0,0,0,0,0
305,1913,1405,ER I,0,1,0,0,0,0,0
306,1913,1405,ER I,0,1,0,0,0,0,0
307,1913,1405,ER I,0,1,0,0,0,0,0
308,1913,1405,ER I,0,1,0,0,0,0,0
309,1913,1405,ER I,0,1,0,0,0,0,0
310,1913,1405,Hel,1,0,0,0,0,0,0
311,1913,1405,Hel?-ER I?,1,1,0,0,0,0,0
312,1913,1405,ER I,0,1,0,0,0,0,0
313,1913,1405,Hel,1,0,0,0,0,0,0
314,1913,1405,ER I,0,1,0,0,0,0,0
315,1913,1405,ER I,0,1,0,0,0,0,0
316,1560,1405,ER I ER II,0,1,1,0,0,0,0
317,1560,1405,ER I ER II,0,1,1,0,0,0,0
318,1560,1405,ER I ER II,0,1,1,0,0,0,0
319,1560,1405,ER I ER II,0,1,1,0,0,0,0
320,1560,1403,ER I ER II,0,1,1,0,0,0,0
321,1560,1403,ER I ER II,0,1,1,0,0,0,0
322,1771,1403,ER I ER II,0,1,1,0,0,0,0
323,1558,1402,ER I ER II,0,1,1,0,0,0,0
324,1905,1400,ER I,0,1,0,0,0,0,0
325,1677,1395,ER I ER II,0,1,1,0,0,0,0
326,1905,1391,ER I,0,1,0,0,0,0,0
327,1905,1391,ER I,0,1,0,0,0,0,0
328,1905,1391,ER I,0,1,0,0,0,0,0
329,1905,1391,ER I,0,1,0,0,0,0,0
330,1905,1391,Hel,1,0,0,0,0,0,0
331,2038,1384,ER I ER II,0,1,1,0,0,0,0
332,2038,1384,ER I ER II,0,1,1,0,0,0,0
333,2038,1384,ER I ER II,0,1,1,0,0,0,0
334,1508,1382,ER I ER II,0,1,1,0,0,0,0
335,1508,1382,ER I ER II,0,1,1,0,0,0,0
336,1673,1378,ER I ER II,0,1,1,0,0,0,0
337,1673,1378,ER I ER II,0,1,1,0,0,0,0
338,1673,1378,ER I ER II,0,1,1,0,0,0,0
339,1741,1369,ER I ER II,0,1,1,0,0,0,0
340,1409,1369,Byz-Islm,0,0,0,0,0,1,1
341,1409,1369,Byz-Islm,0,0,0,0,0,1,1
342,1716,1367,ER II,0,1,1,0,0,0,0
343,1716,1367,ER II,0,1,1,0,0,0,0
344,1716,1367,ER II,0,1,1,0,0,0,0
345,1716,1367,ER II,0,1,1,0,0,0,0
346,1716,1367,ER II,0,1,1,0,0,0,0
347,1716,1367,ER II,0,1,1,0,0,0,0
348,1716,1367,ER II,0,1,1,0,0,0,0
349,1720,1367,ER I ER II,0,1,1,0,0,0,0
350,1728,1362,ER I ER II,0,1,1,0,0,0,0
351,1728,1362,ER I ER II,0,1,1,0,0,0,0
352,1728,1362,ER I ER II,0,1,1,0,0,0,0
353,1728,1362,ER I ER II,0,1,1,0,0,0,0
354,1549,1362,ER I ER II,0,1,1,0,0,0,0
355,1738,1358,ER I ER II,0,1,1,0,0,0,0
356,1738,1358,ER I ER II,0,1,1,0,0,0,0
357,1738,1358,ER I ER II,0,1,1,0,0,0,0
358,1710,1352,ER I ER II,0,1,1,0,0,0,0
359,1699,1351,ER I ER II,0,1,1,0,0,0,0
360,1560,1350,ER I ER II,0,1,1,0,0,0,0
361,1654,1349,ER I ER II,0,1,1,0,0,0,0
362,1654,1349,ER I ER II,0,1,1,0,0,0,0
363,1654,1349,ER I ER II,0,1,1,0,0,0,0
364,1654,1349,ER I ER II,0,1,1,0,0,0,0
365,1654,1349,ER I ER II,0,1,1,0,0,0,0
366,1654,1349,ER I ER II,0,1,1,0,0,0,0
367,1672,1348,ER I ER II,0,1,1,0,0,0,0
368,1550,1346,ER I ER II,0,1,1,0,0,0,0
369,1738,1342,ER I ER II,0,1,1,0,0,0,0
370,1488,1337,ER I ER II,0,1,1,0,0,0,0
371,1709,1335,ER I ER II,0,1,1,0,0,0,0
372,1733,1334,ER I ER II,0,1,1,0,0,0,0
373,1729,1332,ER I ER II,0,1,1,0,0,0,0
374,1731,1332,ER I ER II,0,1,1,0,0,0,0
375,1718,1328,ER I,0,1,0,0,0,0,0
376,1718,1328,ER I,0,1,0,0,0,0,0
377,1693,1326,ER I,0,1,0,0,0,0,0
378,1693,1326,ER I,0,1,0,0,0,0,0
379,1693,1326,ER I,0,1,0,0,0,0,0
380,1693,1326,ER I,0,1,0,0,0,0,0
381,1693,1326,ER I,0,1,0,0,0,0,0
382,1620,1325,ER I ER II,0,1,1,0,0,0,0
383,1726,1320,ER I,0,1,0,0,0,0,0
384,1695,1315,ER I ER II,0,1,1,0,0,0,0
385,1693,1311,ER I ER II,0,1,1,0,0,0,0
386,1712,1311,ER I ER II,0,1,1,0,0,0,0
387,1696,1310,ER I ER II,0,1,1,0,0,0,0
388,1740,1309,ER I ER II,0,1,1,0,0,0,0
389,1740,1309,ER I ER II,0,1,1,0,0,0,0
390,1740,1309,ER I ER II,0,1,1,0,0,0,0
391,1652,1306,ER I ER II,0,1,1,0,0,0,0
392,1671,1306,ER I ER II,0,1,1,0,0,0,0
393,1619,1306,ER I ER II,0,1,1,0,0,0,0
394,1513,1304,ER I ER II,0,1,1,0,0,0,0
395,1685,1299,ER I ER II,0,1,1,0,0,0,0
396,1685,1299,ER I ER II,0,1,1,0,0,0,0
397,1685,1299,ER I ER II,0,1,1,0,0,0,0
398,1672,1297,ER I ER II,0,1,1,0,0,0,0
399,1713,1296,ER I,0,1,0,0,0,0,0
400,1713,1296,ER I,0,1,0,0,0,0,0
401,1713,1296,ER I,0,1,0,0,0,0,0
402,1713,1296,ER I,0,1,0,0,0,0,0
403,1713,1296,ER I,0,1,0,0,0,0,0
404,1713,1296,ER I,0,1,0,0,0,0,0
405,1713,1296,ER I,0,1,0,0,0,0,0
406,1713,1296,ER I,0,1,0,0,0,0,0
407,1713,1296,ER I,0,1,0,0,0,0,0
408,1713,1296,ER I,0,1,0,0,0,0,0
409,1713,1296,ER I,0,1,0,0,0,0,0
410,1713,1296,ER I,0,1,0,0,0,0,0
411,1713,1296,ER I,0,1,0,0,0,0,0
412,1713,1296,ER I,0,1,0,0,0,0,0
413,1713,1296,ER I,0,1,0,0,0,0,0
414,1713,1296,ER I,0,1,0,0,0,0,0
415,1713,1296,ER I,0,1,0,0,0,0,0
416,1713,1296,ER I,0,1,0,0,0,0,0
417,1713,1296,ER I,0,1,0,0,0,0,0
418,1713,1296,ER I,0,1,0,0,0,0,0
419,1713,1296,ER I,0,1,0,0,0,0,0
420,1713,1296,ER I,0,1,0,0,0,0,0
421,1713,1296,ER I,0,1,0,0,0,0,0
422,1713,1296,ER I,0,1,0,0,0,0,0
423,1713,1296,ER I,0,1,0,0,0,0,0
424,1713,1296,ER I,0,1,0,0,0,0,0
425,1713,1296,ER I,0,1,0,0,0,0,0
426,1713,1296,ER I,0,1,0,0,0,0,0
427,1713,1296,ER I,0,1,0,0,0,0,0
428,1713,1296,ER I,0,1,0,0,0,0,0
429,1713,1296,ER I,0,1,0,0,0,0,0
430,1713,1296,ER I,0,1,0,0,0,0,0
431,1713,1296,ER I,0,1,0,0,0,0,0
432,1713,1296,ER I,0,1,0,0,0,0,0
433,1713,1296,ER I,0,1,0,0,0,0,0
434,1713,1296,ER I,0,1,0,0,0,0,0
435,1713,1296,ER I,0,1,0,0,0,0,0
436,1713,1296,ER I,0,1,0,0,0,0,0
437,1713,1296,ER I,0,1,0,0,0,0,0
438,1713,1296,ER I,0,1,0,0,0,0,0
439,1713,1296,ER I,0,1,0,0,0,0,0
440,1713,1296,ER I,0,1,0,0,0,0,0
441,1713,1296,ER I,0,1,0,0,0,0,0
442,1713,1296,ER I,0,1,0,0,0,0,0
443,1713,1296,ER I,0,1,0,0,0,0,0
444,1713,1296,ER I,0,1,0,0,0,0,0
445,1713,1296,ER I,0,1,0,0,0,0,0
446,1713,1296,ER I,0,1,0,0,0,0,0
447,1713,1296,ER I,0,1,0,0,0,0,0
448,1713,1296,ER I,0,1,0,0,0,0,0
449,1713,1296,ER I,0,1,0,0,0,0,0
450,1713,1296,ER I,0,1,0,0,0,0,0
451,1713,1296,ER I,0,1,0,0,0,0,0
452,1713,1296,ER I,0,1,0,0,0,0,0
453,1713,1296,ER I,0,1,0,0,0,0,0
454,1713,1296,ER I,0,1,0,0,0,0,0
455,1713,1296,ER I,0,1,0,0,0,0,0
456,1713,1296,ER I,0,1,0,0,0,0,0
457,1713,1296,ER I,0,1,0,0,0,0,0
458,1713,1296,ER I,0,1,0,0,0,0,0
459,1713,1296,Hel,1,0,0,0,0,0,0
460,1713,1296,ER I,0,1,0,0,0,0,0
461,1713,1296,ER I,0,1,0,0,0,0,0
462,1713,1296,ER I,0,1,0,0,0,0,0
463,1713,1296,ER I,0,1,0,0,0,0,0
464,1713,1296,ER I,0,1,0,0,0,0,0
465,1713,1296,ER I,0,1,0,0,0,0,0
466,1713,1296,ER I,0,1,0,0,0,0,0
467,1713,1296,ER I,0,1,0,0,0,0,0
468,1713,1296,ER I,0,1,0,0,0,0,0
469,1713,1296,ER I,0,1,0,0,0,0,0
470,1713,1296,ER I,0,1,0,0,0,0,0
471,1713,1296,ER I,0,1,0,0,0,0,0
472,1713,1296,ER I,0,1,0,0,0,0,0
473,1713,1296,ER I,0,1,0,0,0,0,0
474,1713,1296,ER I,0,1,0,0,0,0,0
475,1713,1296,ER I,0,1,0,0,0,0,0
476,1713,1296,ER I,0,1,0,0,0,0,0
477,1713,1296,ER I,0,1,0,0,0,0,0
478,1713,1296,ER I,0,1,0,0,0,0,0
479,1713,1296,ER I,0,1,0,0,0,0,0
480,1713,1296,ER I,0,1,0,0,0,0,0
481,1713,1296,ER I,0,1,0,0,0,0,0
482,1713,1296,ER I,0,1,0,0,0,0,0
483,1713,1296,ER I,0,1,0,0,0,0,0
484,1713,1296,Hel,1,0,0,0,0,0,0
485,1713,1296,ER I,0,1,0,0,0,0,0
486,1713,1296,ER I,0,1,0,0,0,0,0
487,1713,1296,ER I,0,1,0,0,0,0,0
488,1713,1296,ER I,0,1,0,0,0,0,0
489,1713,1296,ER I,0,1,0,0,0,0,0
490,1713,1296,ER I,0,1,0,0,0,0,0
491,1713,1296,ER I,0,1,0,0,0,0,0
492,1713,1296,ER I,0,1,0,0,0,0,0
493,1713,1296,ER I,0,1,0,0,0,0,0
494,1713,1296,ER I,0,1,0,0,0,0,0
495,1713,1296,ER I,0,1,0,0,0,0,0
496,1713,1296,ER I,0,1,0,0,0,0,0
497,1713,1296,ER I,0,1,0,0,0,0,0
498,1713,1296,ER I,0,1,0,0,0,0,0
499,1713,1296,ER I,0,1,0,0,0,0,0
500,1713,1296,ER I,0,1,0,0,0,0,0
501,1713,1296,ER I,0,1,0,0,0,0,0
502,1713,1296,ER I,0,1,0,0,0,0,0
503,1713,1296,ER I,0,1,0,0,0,0,0
504,1713,1296,ER I,0,1,0,0,0,0,0
505,1713,1296,ER I,0,1,0,0,0,0,0
506,1713,1296,ER I,0,1,0,0,0,0,0
507,1713,1296,ER I,0,1,0,0,0,0,0
508,1713,1296,ER I,0,1,0,0,0,0,0
509,1713,1296,ER I,0,1,0,0,0,0,0
510,1713,1296,ER I,0,1,0,0,0,0,0
511,1713,1296,ER I,0,1,0,0,0,0,0
512,1713,1296,ER I,0,1,0,0,0,0,0
513,1713,1296,ER I,0,1,0,0,0,0,0
514,1713,1296,ER I,0,1,0,0,0,0,0
515,1713,1296,ER I,0,1,0,0,0,0,0
516,1713,1296,ER I,0,1,0,0,0,0,0
517,1713,1296,Hel,1,0,0,0,0,0,0
518,1713,1296,ER I,0,1,0,0,0,0,0
519,1713,1296,Hel,1,0,0,0,0,0,0
520,1713,1296,ER I,0,1,0,0,0,0,0
521,1713,1296,ER I,0,1,0,0,0,0,0
522,1713,1296,ER I,0,1,0,0,0,0,0
523,1713,1296,ER I,0,1,0,0,0,0,0
524,1713,1296,ER I,0,1,0,0,0,0,0
525,1713,1296,ER I,0,1,0,0,0,0,0
526,1713,1296,ER I,0,1,0,0,0,0,0
527,1713,1296,ER I,0,1,0,0,0,0,0
528,1713,1296,ER I,0,1,0,0,0,0,0
529,1713,1296,ER I,0,1,0,0,0,0,0
530,1713,1296,ER I,0,1,0,0,0,0,0
531,1713,1296,ER I,0,1,0,0,0,0,0
532,1713,1296,ER I,0,1,0,0,0,0,0
533,1713,1296,ER I,0,1,0,0,0,0,0
534,1713,1296,ER I,0,1,0,0,0,0,0
535,1713,1296,ER I,0,1,0,0,0,0,0
536,1713,1296,ER I,0,1,0,0,0,0,0
537,1713,1296,ER I,0,1,0,0,0,0,0
538,1713,1296,ER I,0,1,0,0,0,0,0
539,1713,1296,ER I,0,1,0,0,0,0,0
540,1713,1296,ER I,0,1,0,0,0,0,0
541,1713,1296,ER I,0,1,0,0,0,0,0
542,1713,1296,ER I,0,1,0,0,0,0,0
543,1713,1296,ER I,0,1,0,0,0,0,0
544,1713,1296,ER I,0,1,0,0,0,0,0
545,1713,1296,Hel,1,0,0,0,0,0,0
546,1713,1296,ER I,0,1,0,0,0,0,0
547,1713,1296,ER I,0,1,0,0,0,0,0
548,1713,1296,ER I,0,1,0,0,0,0,0
549,1713,1296,ER I,0,1,0,0,0,0,0
550,1713,1296,ER I,0,1,0,0,0,0,0
551,1713,1296,ER I,0,1,0,0,0,0,0
552,1713,1296,ER I,0,1,0,0,0,0,0
553,1713,1296,ER I,0,1,0,0,0,0,0
554,1713,1296,ER I,0,1,0,0,0,0,0
555,1713,1296,ER I,0,1,0,0,0,0,0
556,1713,1296,ER I,0,1,0,0,0,0,0
557,1713,1296,ER I,0,1,0,0,0,0,0
558,1713,1296,ER I,0,1,0,0,0,0,0
559,1713,1296,Hel,1,0,0,0,0,0,0
560,1713,1296,ER I,0,1,0,0,0,0,0
561,1713,1296,ER I,0,1,0,0,0,0,0
562,1713,1296,ER I,0,1,0,0,0,0,0
563,1713,1296,ER I,0,1,0,0,0,0,0
564,1713,1296,ER I,0,1,0,0,0,0,0
565,1713,1296,ER I,0,1,0,0,0,0,0
566,1713,1296,ER I,0,1,0,0,0,0,0
567,1655,1293,ER I ER II,0,1,1,0,0,0,0
568,1657,1292,ER I ER II,0,1,1,0,0,0,0
569,1657,1292,ER,0,0,0,0,0,0,0
570,1558,1291,ER,0,0,0,0,0,0,0
571,1725,1288,ER,0,0,0,0,0,0,0
572,1679,1287,ER,0,0,0,0,0,0,0
573,2207,1285,ER,0,0,0,0,0,0,0
574,1697,1283,ER,0,0,0,0,0,0,0
575,1693,1283,ER,0,0,0,0,0,0,0
576,1468,1282,ER,0,0,0,0,0,0,0
577,1495,1281,ER,0,0,0,0,0,0,0
578,1666,1280,ER,0,0,0,0,0,0,0
579,1717,1280,ER,0,0,0,0,0,0,0
580,1717,1280,ER,0,0,0,0,0,0,0
581,1717,1280,ER,0,0,0,0,0,0,0
582,1717,1280,ER,0,0,0,0,0,0,0
583,1683,1278,ER,0,0,0,0,0,0,0
584,1717,1277,ER,0,0,0,0,0,0,0
585,1717,1277,ER,0,0,0,0,0,0,0
586,1717,1277,ER,0,0,0,0,0,0,0
587,1936,1276,Hel?-ER I,1,1,0,0,0,0,0
588,1936,1276,Hel?-ER I,1,1,0,0,0,0,0
589,1936,1276,Hel?-ER I,1,1,0,0,0,0,0
590,1936,1276,Hel?-ER I,1,1,0,0,0,0,0
591,1936,1276,Hel?-ER I,1,1,0,0,0,0,0
592,1936,1276,Hel?-ER I,1,1,0,0,0,0,0
593,1936,1276,Hel,1,0,0,0,0,0,0
594,1936,1276,Hel?-ER I,1,1,0,0,0,0,0
595,1936,1276,Hel?-ER I,1,1,0,0,0,0,0
596,1936,1276,Hel?-ER I,1,1,0,0,0,0,0
597,1936,1276,Hel?-ER I,1,1,0,0,0,0,0
598,1705,1275,ER I ER II,0,1,1,0,0,0,0
599,1705,1275,ER I ER II,0,1,1,0,0,0,0
600,1705,1275,ER I ER II,0,1,1,0,0,0,0
601,1705,1275,ER I ER II,0,1,1,0,0,0,0
602,1705,1275,ER I ER II,0,1,1,0,0,0,0
603,1705,1275,ER I ER II,0,1,1,0,0,0,0
604,1705,1275,ER I ER II,0,1,1,0,0,0,0
605,1705,1275,ER I ER II,0,1,1,0,0,0,0
606,1705,1275,ER I ER II,0,1,1,0,0,0,0
607,1705,1275,ER I ER II,0,1,1,0,0,0,0
608,1705,1275,ER I ER II,0,1,1,0,0,0,0
609,1705,1275,ER I ER II,0,1,1,0,0,0,0
610,1705,1275,ER I ER II,0,1,1,0,0,0,0
611,1658,1273,ER I ER II,0,1,1,0,0,0,0
612,1658,1273,ER I ER II,0,1,1,0,0,0,0
613,1658,1273,ER I ER II,0,1,1,0,0,0,0
614,1658,1273,ER I ER II,0,1,1,0,0,0,0
615,1658,1273,ER I ER II,0,1,1,0,0,0,0
616,1658,1273,ER I ER II,0,1,1,0,0,0,0
617,1658,1273,ER I ER II,0,1,1,0,0,0,0
618,1732,1273,ER I ER II,0,1,1,0,0,0,0
619,1527,1270,ER I ER II,0,1,1,0,0,0,0
620,1527,1270,ER I ER II,0,1,1,0,0,0,0
621,1540,1269,ER I ER II,0,1,1,0,0,0,0
622,1540,1269,ER I ER II,0,1,1,0,0,0,0
623,1540,1269,ER I ER II,0,1,1,0,0,0,0
624,1704,1268,ER I ER II,0,1,1,0,0,0,0
625,1677,1268,ER I ER II,0,1,1,0,0,0,0
626,1677,1268,ER I ER II,0,1,1,0,0,0,0
627,1513,1264,ER I ER II,0,1,1,0,0,0,0
628,1513,1264,ER I ER II,0,1,1,0,0,0,0
629,1628,1264,ER I ER II,0,1,1,0,0,0,0
630,1493,1264,ER I ER II,0,1,1,0,0,0,0
631,1667,1263,ER I ER II,0,1,1,0,0,0,0
632,1456,1262,ER I ER II,0,1,1,0,0,0,0
633,1456,1262,ER I ER II,0,1,1,0,0,0,0
634,1456,1262,ER I ER II,0,1,1,0,0,0,0
635,1529,1258,ER I ER II,0,1,1,0,0,0,0
636,1529,1258,ER I ER II,0,1,1,0,0,0,0
637,1493,1257,ER I ER II,0,1,1,0,0,0,0
638,1726,1253,ER I ER II,0,1,1,0,0,0,0
639,1847,1252,Hel?-ER I?,1,1,0,0,0,0,0
640,1847,1252,Hel?-ER I?,1,1,0,0,0,0,0
641,1847,1252,Hel?-ER I?,1,1,0,0,0,0,0
642,1712,1250,ER I ER II,0,1,1,0,0,0,0
643,1500,1250,ER I ER II,0,1,1,0,0,0,0
644,1470,1250,ER I ER II,0,1,1,0,0,0,0
645,1470,1250,ER I ER II,0,1,1,0,0,0,0
646,1470,1250,ER I ER II,0,1,1,0,0,0,0
647,1680,1249,ER I ER II,0,1,1,0,0,0,0
648,1551,1248,ER I ER II,0,1,1,0,0,0,0
649,1580,1247,ER I ER II,0,1,1,0,0,0,0
650,1580,1247,ER I ER II,0,1,1,0,0,0,0
651,1580,1247,ER I ER II,0,1,1,0,0,0,0
652,1580,1247,ER I ER II,0,1,1,0,0,0,0
653,1580,1247,ER I ER II,0,1,1,0,0,0,0
654,1497,1240,ER I ER II,0,1,1,0,0,0,0
655,1719,1239,ER I ER II,0,1,1,0,0,0,0
656,1719,1239,ER I ER II,0,1,1,0,0,0,0
657,1719,1239,ER I ER II,0,1,1,0,0,0,0
658,1480,1239,ER I ER II,0,1,1,0,0,0,0
659,1480,1239,ER I ER II,0,1,1,0,0,0,0
660,1480,1239,ER I ER II,0,1,1,0,0,0,0
661,1480,1239,ER I ER II,0,1,1,0,0,0,0
662,1498,1237,ER I ER II,0,1,1,0,0,0,0
663,1696,1236,ER I ER II,0,1,1,0,0,0,0
664,1495,1233,ER I ER II,0,1,1,0,0,0,0
665,1495,1233,ER I ER II,0,1,1,0,0,0,0
666,1441,1231,ER I ER II,0,1,1,0,0,0,0
667,1441,1231,ER I ER II,0,1,1,0,0,0,0
668,1490,1229,ER I ER II,0,1,1,0,0,0,0
669,1490,1229,ER I ER II,0,1,1,0,0,0,0
670,1650,1227,ER I ER II,0,1,1,0,0,0,0
671,1650,1227,ER I ER II,0,1,1,0,0,0,0
672,1565,1226,ER I ER II,0,1,1,0,0,0,0
673,1713,1222,ER I ER II,0,1,1,0,0,0,0
674,1713,1222,ER I ER II,0,1,1,0,0,0,0
675,1521,1219,ER I ER II,0,1,1,0,0,0,0
676,1677,1217,ER I ER II,0,1,1,0,0,0,0
677,1642,1217,ER I ER II,0,1,1,0,0,0,0
678,1642,1217,ER I ER II,0,1,1,0,0,0,0
679,1642,1217,ER I ER II,0,1,1,0,0,0,0
680,1654,1212,ER I ER II,0,1,1,0,0,0,0
681,1654,1212,ER I ER II,0,1,1,0,0,0,0
682,1647,1212,ER I ER II,0,1,1,0,0,0,0
683,1520,1212,ER I ER II,0,1,1,0,0,0,0
684,1520,1212,ER I ER II,0,1,1,0,0,0,0
685,1520,1212,ER I ER II,0,1,1,0,0,0,0
686,1480,1210,ER I ER II,0,1,1,0,0,0,0
687,1480,1210,ER I ER II,0,1,1,0,0,0,0
688,1480,1210,ER I ER II,0,1,1,0,0,0,0
689,1480,1210,ER I ER II,0,1,1,0,0,0,0
690,1604,1198,ER I ER II,0,1,1,0,0,0,0
691,1596,1196,ER I ER II,0,1,1,0,0,0,0
692,1596,1196,ER I ER II,0,1,1,0,0,0,0
693,1466,1193,ER I ER II,0,1,1,0,0,0,0
694,1730,1192,ER I,0,1,0,0,0,0,0
695,1730,1192,ER I ER II,0,1,1,0,0,0,0
696,1730,1192,ER I ER II,0,1,1,0,0,0,0
697,1730,1192,ER I,0,1,0,0,0,0,0
698,1730,1192,ER I,0,1,0,0,0,0,0
699,1730,1192,ER I,0,1,0,0,0,0,0
700,1730,1192,ER I,0,1,0,0,0,0,0
701,1730,1192,ER I,0,1,0,0,0,0,0
702,1730,1192,ER I,0,1,0,0,0,0,0
703,1730,1192,ER I,0,1,0,0,0,0,0
704,1625,1188,ER I ER II,0,1,1,0,0,0,0
705,1625,1188,ER I ER II,0,1,1,0,0,0,0
706,1529,1188,ER I ER II,0,1,1,0,0,0,0
707,1482,1184,ER I ER II,0,1,1,0,0,0,0
708,1601,1182,ER I ER II,0,1,1,0,0,0,0
709,1440,1182,ER I ER II,0,1,1,0,0,0,0
710,1440,1182,ER I ER II,0,1,1,0,0,0,0
711,1440,1182,ER I ER II,0,1,1,0,0,0,0
712,1440,1182,ER I ER II,0,1,1,0,0,0,0
713,1605,1181,ER I ER II,0,1,1,0,0,0,0
714,1625,1181,ER I ER II,0,1,1,0,0,0,0
715,1625,1181,ER I ER II,0,1,1,0,0,0,0
716,1611,1181,ER I ER II,0,1,1,0,0,0,0
717,1503,1175,ER I ER II,0,1,1,0,0,0,0
718,1474,1174,ER I?-ER II,0,1,1,0,0,0,0
719,1474,1174,ER I?-ER II,0,1,1,0,0,0,0
720,1474,1174,ER I ER II,0,1,1,0,0,0,0
721,1474,1174,ER I ER II,0,1,1,0,0,0,0
722,1619,1171,ER I ER II,0,1,1,0,0,0,0
723,1637,1168,ER I ER II,0,1,1,0,0,0,0
724,1637,1168,ER I ER II,0,1,1,0,0,0,0
725,1481,1165,ER I ER II,0,1,1,0,0,0,0
726,1481,1165,ER I ER II,0,1,1,0,0,0,0
727,1416,1157,ER I ER II,0,1,1,0,0,0,0
728,1588,1155,ER I ER II,0,1,1,0,0,0,0
729,1443,1154,ER I ER II,0,1,1,0,0,0,0
730,1418,1152,ER I ER II,0,1,1,0,0,0,0
731,1432,1152,ER I ER II,0,1,1,0,0,0,0
732,1422,1147,ER I ER II,0,1,1,0,0,0,0
733,1642,1143,ER I ER II,0,1,1,0,0,0,0
734,1609,1143,ER I ER II,0,1,1,0,0,0,0
735,1610,1139,ER I ER II,0,1,1,0,0,0,0
736,1310,1130,Byz,0,0,0,0,0,1,0
737,2037,1130,ER I,0,1,0,0,0,0,0
738,2037,1130,ER I,0,1,0,0,0,0,0
739,1347,1121,ER I ER II,0,1,1,0,0,0,0
740,1323,1119,ER I ER II,0,1,1,0,0,0,0
741,1323,1119,ER I ER II,0,1,1,0,0,0,0
742,1323,1119,ER I ER II,0,1,1,0,0,0,0
743,1323,1119,ER I ER II,0,1,1,0,0,0,0
744,1404,1113,Hel,1,0,0,0,0,0,0
745,1404,1113,Hel,1,0,0,0,0,0,0
746,1404,1113,Hel,1,0,0,0,0,0,0
747,1854,1106,ER,0,0,0,0,0,0,0
748,2134,1094,ER I ER II,0,1,1,0,0,0,0
749,1665,1092,ER I ER II,0,1,1,0,0,0,0
750,1623,1090,ER I ER II,0,1,1,0,0,0,0
751,1623,1090,ER I ER II,0,1,1,0,0,0,0
752,1428,1088,ER I ER II,0,1,1,0,0,0,0
753,2093,1085,Hel?-ER,1,0,0,0,0,0,0
754,2093,1085,Hel?-ER,1,0,0,0,0,0,0
755,2093,1085,Hel?-ER,1,0,0,0,0,0,0
756,1474,1084,ER I ER II,0,1,1,0,0,0,0
757,1431,1079,ER I ER II,0,1,1,0,0,0,0
758,1431,1079,ER I ER II,0,1,1,0,0,0,0
759,1482,1070,ER I ER II,0,1,1,0,0,0,0
760,1402,1069,ER I ER II,0,1,1,0,0,0,0
761,1447,1067,ER I ER II,0,1,1,0,0,0,0
762,1599,1065,ER I ER II,0,1,1,0,0,0,0
763,1418,1050,ER I ER II,0,1,1,0,0,0,0
764,1418,1050,ER I ER II,0,1,1,0,0,0,0
765,1431,1046,ER I ER II,0,1,1,0,0,0,0
766,1394,1044,ER I ER II,0,1,1,0,0,0,0
767,1470,1040,ER I ER II,0,1,1,0,0,0,0
768,1395,1033,ER I ER II,0,1,1,0,0,0,0
769,1409,1028,ER I ER II,0,1,1,0,0,0,0
770,1409,1028,ER I ER II,0,1,1,0,0,0,0
771,1442,1020,ER I ER II,0,1,1,0,0,0,0
772,1626,1014,Byz?,0,0,0,0,0,1,0
773,1679,1001,ER I ER II,0,1,1,0,0,0,0
774,1641,995,,0,0,0,0,0,0,0
775,1396,995,ER I ER II,0,1,1,0,0,0,0
776,1396,995,ER I ER II,0,1,1,0,0,0,0
777,1396,995,ER I ER II,0,1,1,0,0,0,0
778,1643,985,LR-Byz,0,0,0,0,1,1,0
779,1634,984,LR-Byz,0,0,0,0,1,1,0
780,1663,970,,0,0,0,0,0,0,0
781,1650,968,LR-Byz,0,0,0,0,1,1,0
782,1872,966,ER I ER II,0,1,1,0,0,0,0
783,1872,966,ER I ER II,0,1,1,0,0,0,0
784,1872,966,ER I ER II,0,1,1,0,0,0,0
785,1872,966,ER I,0,1,0,0,0,0,0
786,1418,963,ER I ER II,0,1,1,0,0,0,0
787,1575,959,LR-Byz,0,0,0,0,1,1,0
788,1623,934,,0,0,0,0,0,0,0
789,1375,914,ER,0,0,0,0,0,0,0
790,1627,909,"ER I ER II, Byz MR LR",0,1,1,1,1,1,0
791,1627,909,,0,0,0,0,0,0,0
792,1627,909,,0,0,0,0,0,0,0
793,1300,907,Byz,0,0,0,0,0,1,0
794,1598,905,ER?,0,0,0,0,0,0,0
795,1598,905,Byz,0,0,0,0,0,1,0
796,1598,905,Byz,0,0,0,0,0,1,0
797,1598,905,Byz,0,0,0,0,0,1,0
798,1598,905,Byz,0,0,0,0,0,1,0
799,1598,905,Byz,0,0,0,0,0,1,0
800,1598,905,"ER I ER II, Byz LR MR",0,1,1,1,1,1,0
801,1598,905,Byz,0,0,0,0,0,1,0
802,1598,905,Byz,0,0,0,0,0,1,0
803,1598,905,Byz,0,0,0,0,0,1,0
804,1598,905,Byz,0,0,0,0,0,1,0
805,1598,905,Byz,0,0,0,0,0,1,0
806,1598,905,Byz,0,0,0,0,0,1,0
807,1598,905,Byz,0,0,0,0,0,1,0
808,1598,905,Byz,0,0,0,0,0,1,0
809,1598,905,Byz,0,0,0,0,0,1,0
810,1598,905,Byz,0,0,0,0,0,1,0
811,1598,905,Byz,0,0,0,0,0,1,0
812,1598,905,Byz,0,0,0,0,0,1,0
813,1598,905,Byz,0,0,0,0,0,1,0
814,1598,905,Byz,0,0,0,0,0,1,0
815,1598,905,Byz,0,0,0,0,0,1,0
816,1598,905,Byz,0,0,0,0,0,1,0
817,1598,905,Byz,0,0,0,0,0,1,0
818,1598,905,Byz,0,0,0,0,0,1,0
819,1598,905,Byz,0,0,0,0,0,1,0
820,1598,905,Byz,0,0,0,0,0,1,0
821,1598,905,Byz,0,0,0,0,0,1,0
822,1598,905,Byz,0,0,0,0,0,1,0
823,1420,904,ER? ER I ER II,0,1,1,0,0,0,0
824,1432,895,ER I ER II,0,1,1,0,0,0,0
825,1374,868,"ER I ER II, Byz MR LR",0,1,1,1,1,1,0
826,1562,846,,0,0,0,0,0,0,0
827,1464,813,ER I ER II,0,1,1,0,0,0,0
828,1464,813,ER I ER II,0,1,1,0,0,0,0
829,1564,807,,0,0,0,0,0,0,0
830,1836,805,ER I,0,1,0,0,0,0,0
831,1836,805,ER I,0,1,0,0,0,0,0
832,1836,805,ER I,0,1,0,0,0,0,0
833,1836,805,ER I,0,1,0,0,0,0,0
834,1836,805,ER I,0,1,0,0,0,0,0
835,1836,805,ER I,0,1,0,0,0,0,0
836,1836,805,ER I,0,1,0,0,0,0,0
837,1836,805,ER I,0,1,0,0,0,0,0
838,1836,805,ER I,0,1,0,0,0,0,0
839,1836,805,ER I,0,1,0,0,0,0,0
840,1836,805,ER I,0,1,0,0,0,0,0
841,1836,805,ER I,0,1,0,0,0,0,0
842,1836,805,ER I,0,1,0,0,0,0,0
843,1836,805,ER I,0,1,0,0,0,0,0
844,1836,805,ER I,0,1,0,0,0,0,0
845,1836,805,ER I,0,1,0,0,0,0,0
846,1836,805,ER I,0,1,0,0,0,0,0
847,1836,805,ER I,0,1,0,0,0,0,0
848,1620,760,ER I ER II,0,1,1,0,0,0,0
849,2148,733,Hel?-ER I ER II,1,1,1,0,0,0,0
850,2148,733,Hel?-ER I ER II,1,1,1,0,0,0,0